<annotation>
	<folder>collectedimages</folder>
	<filename>hello.aa6ae392-cae7-11ef-96b5-f06e0be1193a.jpg</filename>
	<path>C:\Users\jugra\Documents\GitHub\MajorProjectComp8800\Tensorflow\workplace\images\collectedimages\hello.aa6ae392-cae7-11ef-96b5-f06e0be1193a.jpg</path>
	<source>
		<database>Unknown</database>
	</source>
	<size>
		<width>640</width>
		<height>480</height>
		<depth>3</depth>
	</size>
	<segmented>0</segmented>
	<object>
		<name>hello</name>
		<pose>Unspecified</pose>
		<truncated>0</truncated>
		<difficult>0</difficult>
		<bndbox>
			<xmin>417</xmin>
			<ymin>58</ymin>
			<xmax>583</xmax>
			<ymax>301</ymax>
		</bndbox>
	</object>
</annotation>
