<annotation>
	<folder>collectedimages</folder>
	<filename>hello.af3d6865-cae7-11ef-93a9-f06e0be1193a.jpg</filename>
	<path>C:\Users\jugra\Documents\GitHub\MajorProjectComp8800\Tensorflow\workplace\images\collectedimages\hello.af3d6865-cae7-11ef-93a9-f06e0be1193a.jpg</path>
	<source>
		<database>Unknown</database>
	</source>
	<size>
		<width>640</width>
		<height>480</height>
		<depth>3</depth>
	</size>
	<segmented>0</segmented>
	<object>
		<name>hello</name>
		<pose>Unspecified</pose>
		<truncated>0</truncated>
		<difficult>0</difficult>
		<bndbox>
			<xmin>128</xmin>
			<ymin>142</ymin>
			<xmax>323</xmax>
			<ymax>407</ymax>
		</bndbox>
	</object>
</annotation>
