<annotation>
	<folder>collectedimages</folder>
	<filename>hello.b677a9db-cae7-11ef-84a2-f06e0be1193a.jpg</filename>
	<path>C:\Users\jugra\Documents\GitHub\MajorProjectComp8800\Tensorflow\workplace\images\collectedimages\hello.b677a9db-cae7-11ef-84a2-f06e0be1193a.jpg</path>
	<source>
		<database>Unknown</database>
	</source>
	<size>
		<width>640</width>
		<height>480</height>
		<depth>3</depth>
	</size>
	<segmented>0</segmented>
	<object>
		<name>hello</name>
		<pose>Unspecified</pose>
		<truncated>0</truncated>
		<difficult>0</difficult>
		<bndbox>
			<xmin>278</xmin>
			<ymin>217</ymin>
			<xmax>512</xmax>
			<ymax>448</ymax>
		</bndbox>
	</object>
</annotation>
