<annotation>
	<folder>collectedimages</folder>
	<filename>hello.ae0960b8-cae7-11ef-86b3-f06e0be1193a.jpg</filename>
	<path>C:\Users\jugra\Documents\GitHub\MajorProjectComp8800\Tensorflow\workplace\images\collectedimages\hello.ae0960b8-cae7-11ef-86b3-f06e0be1193a.jpg</path>
	<source>
		<database>Unknown</database>
	</source>
	<size>
		<width>640</width>
		<height>480</height>
		<depth>3</depth>
	</size>
	<segmented>0</segmented>
	<object>
		<name>hello</name>
		<pose>Unspecified</pose>
		<truncated>1</truncated>
		<difficult>0</difficult>
		<bndbox>
			<xmin>416</xmin>
			<ymin>1</ymin>
			<xmax>640</xmax>
			<ymax>244</ymax>
		</bndbox>
	</object>
</annotation>
