<annotation>
	<folder>collectedimages</folder>
	<filename>hello.acd4b84c-cae7-11ef-9711-f06e0be1193a.jpg</filename>
	<path>C:\Users\jugra\Documents\GitHub\MajorProjectComp8800\Tensorflow\workplace\images\collectedimages\hello.acd4b84c-cae7-11ef-9711-f06e0be1193a.jpg</path>
	<source>
		<database>Unknown</database>
	</source>
	<size>
		<width>640</width>
		<height>480</height>
		<depth>3</depth>
	</size>
	<segmented>0</segmented>
	<object>
		<name>hello</name>
		<pose>Unspecified</pose>
		<truncated>0</truncated>
		<difficult>0</difficult>
		<bndbox>
			<xmin>19</xmin>
			<ymin>219</ymin>
			<xmax>292</xmax>
			<ymax>449</ymax>
		</bndbox>
	</object>
</annotation>
