<annotation>
	<folder>collectedimages</folder>
	<filename>iloveyou.0bef1dc6-cae8-11ef-a4e1-f06e0be1193a.jpg</filename>
	<path>C:\Users\jugra\Documents\GitHub\MajorProjectComp8800\Tensorflow\workplace\images\collectedimages\iloveyou.0bef1dc6-cae8-11ef-a4e1-f06e0be1193a.jpg</path>
	<source>
		<database>Unknown</database>
	</source>
	<size>
		<width>640</width>
		<height>480</height>
		<depth>3</depth>
	</size>
	<segmented>0</segmented>
	<object>
		<name>iLoveYou</name>
		<pose>Unspecified</pose>
		<truncated>0</truncated>
		<difficult>0</difficult>
		<bndbox>
			<xmin>315</xmin>
			<ymin>112</ymin>
			<xmax>479</xmax>
			<ymax>275</ymax>
		</bndbox>
	</object>
</annotation>
