<annotation>
	<folder>collectedimages</folder>
	<filename>iloveyou.0f8ae6a4-cae8-11ef-a774-f06e0be1193a.jpg</filename>
	<path>C:\Users\jugra\Documents\GitHub\MajorProjectComp8800\Tensorflow\workplace\images\collectedimages\iloveyou.0f8ae6a4-cae8-11ef-a774-f06e0be1193a.jpg</path>
	<source>
		<database>Unknown</database>
	</source>
	<size>
		<width>640</width>
		<height>480</height>
		<depth>3</depth>
	</size>
	<segmented>0</segmented>
	<object>
		<name>iLoveYou</name>
		<pose>Unspecified</pose>
		<truncated>0</truncated>
		<difficult>0</difficult>
		<bndbox>
			<xmin>391</xmin>
			<ymin>152</ymin>
			<xmax>585</xmax>
			<ymax>327</ymax>
		</bndbox>
	</object>
</annotation>
