<annotation>
	<folder>no</folder>
	<filename>no.ebb11583-cae7-11ef-aab6-f06e0be1193a.jpg</filename>
	<path>C:\Users\jugra\Documents\GitHub\MajorProjectComp8800\Tensorflow\workplace\images\collectedimages\no\no.ebb11583-cae7-11ef-aab6-f06e0be1193a.jpg</path>
	<source>
		<database>Unknown</database>
	</source>
	<size>
		<width>640</width>
		<height>480</height>
		<depth>3</depth>
	</size>
	<segmented>0</segmented>
	<object>
		<name>No</name>
		<pose>Unspecified</pose>
		<truncated>0</truncated>
		<difficult>0</difficult>
		<bndbox>
			<xmin>235</xmin>
			<ymin>146</ymin>
			<xmax>437</xmax>
			<ymax>284</ymax>
		</bndbox>
	</object>
</annotation>
