<annotation>
	<folder>no</folder>
	<filename>no.f0845b2d-cae7-11ef-af31-f06e0be1193a.jpg</filename>
	<path>C:\Users\jugra\Documents\GitHub\MajorProjectComp8800\Tensorflow\workplace\images\collectedimages\no\no.f0845b2d-cae7-11ef-af31-f06e0be1193a.jpg</path>
	<source>
		<database>Unknown</database>
	</source>
	<size>
		<width>640</width>
		<height>480</height>
		<depth>3</depth>
	</size>
	<segmented>0</segmented>
	<object>
		<name>No</name>
		<pose>Unspecified</pose>
		<truncated>0</truncated>
		<difficult>0</difficult>
		<bndbox>
			<xmin>394</xmin>
			<ymin>165</ymin>
			<xmax>545</xmax>
			<ymax>315</ymax>
		</bndbox>
	</object>
</annotation>
