<annotation>
	<folder>no</folder>
	<filename>no.f1b97c59-cae7-11ef-8f68-f06e0be1193a.jpg</filename>
	<path>C:\Users\jugra\Documents\GitHub\MajorProjectComp8800\Tensorflow\workplace\images\collectedimages\no\no.f1b97c59-cae7-11ef-8f68-f06e0be1193a.jpg</path>
	<source>
		<database>Unknown</database>
	</source>
	<size>
		<width>640</width>
		<height>480</height>
		<depth>3</depth>
	</size>
	<segmented>0</segmented>
	<object>
		<name>No</name>
		<pose>Unspecified</pose>
		<truncated>0</truncated>
		<difficult>0</difficult>
		<bndbox>
			<xmin>332</xmin>
			<ymin>144</ymin>
			<xmax>591</xmax>
			<ymax>331</ymax>
		</bndbox>
	</object>
</annotation>
