<annotation>
	<folder>thankyou</folder>
	<filename>thankyou.bfbf5f63-cae7-11ef-94bd-f06e0be1193a.jpg</filename>
	<path>C:\Users\jugra\Documents\GitHub\MajorProjectComp8800\Tensorflow\workplace\images\collectedimages\thankyou\thankyou.bfbf5f63-cae7-11ef-94bd-f06e0be1193a.jpg</path>
	<source>
		<database>Unknown</database>
	</source>
	<size>
		<width>640</width>
		<height>480</height>
		<depth>3</depth>
	</size>
	<segmented>0</segmented>
	<object>
		<name>Thank you</name>
		<pose>Unspecified</pose>
		<truncated>0</truncated>
		<difficult>0</difficult>
		<bndbox>
			<xmin>220</xmin>
			<ymin>262</ymin>
			<xmax>576</xmax>
			<ymax>469</ymax>
		</bndbox>
	</object>
</annotation>
