<annotation>
	<folder>thankyou</folder>
	<filename>thankyou.c5c699f2-cae7-11ef-9b61-f06e0be1193a.jpg</filename>
	<path>C:\Users\jugra\Documents\GitHub\MajorProjectComp8800\Tensorflow\workplace\images\collectedimages\thankyou\thankyou.c5c699f2-cae7-11ef-9b61-f06e0be1193a.jpg</path>
	<source>
		<database>Unknown</database>
	</source>
	<size>
		<width>640</width>
		<height>480</height>
		<depth>3</depth>
	</size>
	<segmented>0</segmented>
	<object>
		<name>Thank you</name>
		<pose>Unspecified</pose>
		<truncated>0</truncated>
		<difficult>0</difficult>
		<bndbox>
			<xmin>341</xmin>
			<ymin>227</ymin>
			<xmax>623</xmax>
			<ymax>392</ymax>
		</bndbox>
	</object>
</annotation>
