<annotation>
	<folder>thankyou</folder>
	<filename>thankyou.c6fcd83c-cae7-11ef-8299-f06e0be1193a.jpg</filename>
	<path>C:\Users\jugra\Documents\GitHub\MajorProjectComp8800\Tensorflow\workplace\images\collectedimages\thankyou\thankyou.c6fcd83c-cae7-11ef-8299-f06e0be1193a.jpg</path>
	<source>
		<database>Unknown</database>
	</source>
	<size>
		<width>640</width>
		<height>480</height>
		<depth>3</depth>
	</size>
	<segmented>0</segmented>
	<object>
		<name>Thank you</name>
		<pose>Unspecified</pose>
		<truncated>0</truncated>
		<difficult>0</difficult>
		<bndbox>
			<xmin>219</xmin>
			<ymin>218</ymin>
			<xmax>525</xmax>
			<ymax>407</ymax>
		</bndbox>
	</object>
</annotation>
