<annotation>
	<folder>thankyou</folder>
	<filename>thankyou.c0f42d97-cae7-11ef-9c5a-f06e0be1193a.jpg</filename>
	<path>C:\Users\jugra\Documents\GitHub\MajorProjectComp8800\Tensorflow\workplace\images\collectedimages\thankyou\thankyou.c0f42d97-cae7-11ef-9c5a-f06e0be1193a.jpg</path>
	<source>
		<database>Unknown</database>
	</source>
	<size>
		<width>640</width>
		<height>480</height>
		<depth>3</depth>
	</size>
	<segmented>0</segmented>
	<object>
		<name>Thank you</name>
		<pose>Unspecified</pose>
		<truncated>0</truncated>
		<difficult>0</difficult>
		<bndbox>
			<xmin>222</xmin>
			<ymin>201</ymin>
			<xmax>544</xmax>
			<ymax>391</ymax>
		</bndbox>
	</object>
</annotation>
