<annotation>
	<folder>yes</folder>
	<filename>yes.e4c8b6a8-cae7-11ef-8bc1-f06e0be1193a.jpg</filename>
	<path>C:\Users\jugra\Documents\GitHub\MajorProjectComp8800\Tensorflow\workplace\images\collectedimages\yes\yes.e4c8b6a8-cae7-11ef-8bc1-f06e0be1193a.jpg</path>
	<source>
		<database>Unknown</database>
	</source>
	<size>
		<width>640</width>
		<height>480</height>
		<depth>3</depth>
	</size>
	<segmented>0</segmented>
	<object>
		<name>Yes</name>
		<pose>Unspecified</pose>
		<truncated>0</truncated>
		<difficult>0</difficult>
		<bndbox>
			<xmin>323</xmin>
			<ymin>292</ymin>
			<xmax>539</xmax>
			<ymax>433</ymax>
		</bndbox>
	</object>
</annotation>
