<annotation>
	<folder>yes</folder>
	<filename>yes.db230ede-cae7-11ef-ab32-f06e0be1193a.jpg</filename>
	<path>C:\Users\jugra\Documents\GitHub\MajorProjectComp8800\Tensorflow\workplace\images\collectedimages\yes\yes.db230ede-cae7-11ef-ab32-f06e0be1193a.jpg</path>
	<source>
		<database>Unknown</database>
	</source>
	<size>
		<width>640</width>
		<height>480</height>
		<depth>3</depth>
	</size>
	<segmented>0</segmented>
	<object>
		<name>Yes</name>
		<pose>Unspecified</pose>
		<truncated>0</truncated>
		<difficult>0</difficult>
		<bndbox>
			<xmin>288</xmin>
			<ymin>313</ymin>
			<xmax>504</xmax>
			<ymax>472</ymax>
		</bndbox>
	</object>
</annotation>
