<annotation>
	<folder>yes</folder>
	<filename>yes.dff3b85e-cae7-11ef-844c-f06e0be1193a.jpg</filename>
	<path>C:\Users\jugra\Documents\GitHub\MajorProjectComp8800\Tensorflow\workplace\images\collectedimages\yes\yes.dff3b85e-cae7-11ef-844c-f06e0be1193a.jpg</path>
	<source>
		<database>Unknown</database>
	</source>
	<size>
		<width>640</width>
		<height>480</height>
		<depth>3</depth>
	</size>
	<segmented>0</segmented>
	<object>
		<name>Yes</name>
		<pose>Unspecified</pose>
		<truncated>0</truncated>
		<difficult>0</difficult>
		<bndbox>
			<xmin>88</xmin>
			<ymin>280</ymin>
			<xmax>248</xmax>
			<ymax>423</ymax>
		</bndbox>
	</object>
</annotation>
